forecast_date,ticker,forecasted_return
2023-07-03,ABBOTINDIA,-0.005807562418881378,2023-07-01
2023-07-10,ABBOTINDIA,0.0012864795522073058,2023-07-01
2023-07-17,ABBOTINDIA,0.005083551020380881,2023-07-01
2023-07-24,ABBOTINDIA,0.000539818244897975,2023-07-01
2023-07-03,ADANIPOWER,0.009881348087454112,2023-07-01
2023-07-10,ADANIPOWER,0.011961766340961978,2023-07-01
2023-07-17,ADANIPOWER,-0.0005309143859654593,2023-07-01
2023-07-24,ADANIPOWER,0.04178715069511172,2023-07-01
2023-07-03,BALRAMCHIN,0.02615275736778578,2023-07-01
2023-07-10,BALRAMCHIN,0.007099901207344422,2023-07-01
2023-07-17,BALRAMCHIN,0.007319845796771301,2023-07-01
2023-07-24,BALRAMCHIN,0.0153702164501983,2023-07-01
2023-07-03,BPCL,0.01141832957706268,2023-07-01
2023-07-10,BPCL,-0.009150467066294058,2023-07-01
2023-07-17,BPCL,-0.016425085751017796,2023-07-01
2023-07-24,BPCL,-0.005015050567070056,2023-07-01
2023-07-03,BRITANNIA,0.002704067783170289,2023-07-01
2023-07-10,BRITANNIA,0.00014166033725482,2023-07-01
2023-07-17,BRITANNIA,6.994420335504039e-05,2023-07-01
2023-07-24,BRITANNIA,-0.00430045532968753,2023-07-01
2023-07-03,CIPLA,0.005470344070796672,2023-07-01
2023-07-10,CIPLA,0.009624896291899387,2023-07-01
2023-07-17,CIPLA,0.015492540578327706,2023-07-01
2023-07-24,CIPLA,-0.005059569171524671,2023-07-01
2023-07-03,COALINDIA,0.023483042960222977,2023-07-01
2023-07-10,COALINDIA,-0.019871072589481915,2023-07-01
2023-07-17,COALINDIA,-0.009238150653328033,2023-07-01
2023-07-24,COALINDIA,0.0013734028859643337,2023-07-01
2023-07-03,COLPAL,0.0026564402879194044,2023-07-01
2023-07-10,COLPAL,0.019254846192904723,2023-07-01
2023-07-17,COLPAL,-0.0018796131385121,2023-07-01
2023-07-24,COLPAL,0.007784206227084905,2023-07-01
2023-07-03,DRREDDY,0.0007090330313303185,2023-07-01
2023-07-10,DRREDDY,0.04096098096579279,2023-07-01
2023-07-17,DRREDDY,0.05229986284269107,2023-07-01
2023-07-24,DRREDDY,0.0008224294659108211,2023-07-01
2023-07-03,GSPL,0.003382180993277078,2023-07-01
2023-07-10,GSPL,0.005813596651238784,2023-07-01
2023-07-17,GSPL,0.0018526609765013374,2023-07-01
2023-07-24,GSPL,0.004177770504835557,2023-07-01
2023-07-03,ITC,0.0005203817392706497,2023-07-01
2023-07-10,ITC,-0.010664386143797416,2023-07-01
2023-07-17,ITC,0.006367975950706775,2023-07-01
2023-07-24,ITC,-0.01012036200974044,2023-07-01
2023-07-03,JBCHEPHARM,0.04710579600692916,2023-07-01
2023-07-10,JBCHEPHARM,0.012566988276402109,2023-07-01
2023-07-17,JBCHEPHARM,0.01736717438262966,2023-07-01
2023-07-24,JBCHEPHARM,-0.01182435496300384,2023-07-01
2023-07-03,MARICO,0.0054774544568754234,2023-07-01
2023-07-10,MARICO,0.004310942882717783,2023-07-01
2023-07-17,MARICO,0.0012274976455547138,2023-07-01
2023-07-24,MARICO,0.0008942448053351458,2023-07-01
2023-07-03,NAVNETEDUL,-0.012451523031813516,2023-07-01
2023-07-10,NAVNETEDUL,-0.010582368075386385,2023-07-01
2023-07-17,NAVNETEDUL,-0.007483324612424412,2023-07-01
2023-07-24,NAVNETEDUL,-0.0019500257522481444,2023-07-01
2023-07-03,NTPC,0.01838768434610247,2023-07-01
2023-07-10,NTPC,0.017727509159126045,2023-07-01
2023-07-17,NTPC,-0.021181828307424006,2023-07-01
2023-07-24,NTPC,0.007171584386667809,2023-07-01
2023-07-03,POLYMED,0.0026623314501182504,2023-07-01
2023-07-10,POLYMED,0.017103259472847618,2023-07-01
2023-07-17,POLYMED,-0.011684819948385373,2023-07-01
2023-07-24,POLYMED,0.01053334825911748,2023-07-01
2023-07-03,RELIANCE,0.02622908739615022,2023-07-01
2023-07-10,RELIANCE,0.01936230009259865,2023-07-01
2023-07-17,RELIANCE,0.008344048964093138,2023-07-01
2023-07-24,RELIANCE,0.006259891395679617,2023-07-01
2023-07-03,SUNPHARMA,0.00334447760899358,2023-07-01
2023-07-10,SUNPHARMA,0.001026400561335208,2023-07-01
2023-07-17,SUNPHARMA,0.010132269676907788,2023-07-01
2023-07-24,SUNPHARMA,-0.0011246664328248427,2023-07-01
2023-07-03,UNOMINDA,0.006504237638953278,2023-07-01
2023-07-10,UNOMINDA,-0.0014124599470144645,2023-07-01
2023-07-17,UNOMINDA,0.005293557356396284,2023-07-01
2023-07-24,UNOMINDA,0.009143383653667608,2023-07-01
2023-07-03,VBL,0.015181961010327275,2023-07-01
2023-07-10,VBL,0.004391409267744999,2023-07-01
2023-07-17,VBL,0.018566778020404934,2023-07-01
2023-07-24,VBL,0.00883011849086178,2023-07-01
2023-07-03,ZYDUSLIFE,-0.0030753103087098233,2023-07-01
2023-07-10,ZYDUSLIFE,-0.0009968161273943533,2023-07-01
2023-07-17,ZYDUSLIFE,0.005980951427702664,2023-07-01
2023-07-24,ZYDUSLIFE,0.0020879295988957903,2023-07-01
2023-07-10,ABBOTINDIA,-0.0047788423424402,2023-07-08
2023-07-17,ABBOTINDIA,0.0020342317657838496,2023-07-08
2023-07-24,ABBOTINDIA,0.0046030035007556,2023-07-08
2023-07-31,ABBOTINDIA,-0.006850356326841526,2023-07-08
2023-07-10,ADANIPOWER,-0.011952230460411854,2023-07-08
2023-07-17,ADANIPOWER,-0.021832370002148684,2023-07-08
2023-07-24,ADANIPOWER,0.01068467509728848,2023-07-08
2023-07-31,ADANIPOWER,-0.010846222074372467,2023-07-08
2023-07-10,BALRAMCHIN,-0.0012756457666962897,2023-07-08
2023-07-17,BALRAMCHIN,0.0038569269852519934,2023-07-08
2023-07-24,BALRAMCHIN,0.0032197181129126617,2023-07-08
2023-07-31,BALRAMCHIN,-0.001895882610408687,2023-07-08
2023-07-10,BPCL,-0.011000017908489673,2023-07-08
2023-07-17,BPCL,-0.0012020857901323815,2023-07-08
2023-07-24,BPCL,-0.008409706493824845,2023-07-08
2023-07-31,BPCL,0.015604981925245556,2023-07-08
2023-07-10,BRITANNIA,0.0008341355535680251,2023-07-08
2023-07-17,BRITANNIA,0.008788176712922433,2023-07-08
2023-07-24,BRITANNIA,-0.010140048549345674,2023-07-08
2023-07-31,BRITANNIA,0.003649041568447227,2023-07-08
2023-07-10,CIPLA,0.020094900014337412,2023-07-08
2023-07-17,CIPLA,0.01941763400034805,2023-07-08
2023-07-24,CIPLA,0.0006543747897600668,2023-07-08
2023-07-31,CIPLA,0.0031779913373118163,2023-07-08
2023-07-10,COALINDIA,-0.022596663665209366,2023-07-08
2023-07-17,COALINDIA,0.004115867552736201,2023-07-08
2023-07-24,COALINDIA,-0.006389962172947107,2023-07-08
2023-07-31,COALINDIA,0.01497264233298972,2023-07-08
2023-07-10,COLPAL,0.011588574852367908,2023-07-08
2023-07-17,COLPAL,-0.0038927452121330927,2023-07-08
2023-07-24,COLPAL,0.01265958108941906,2023-07-08
2023-07-31,COLPAL,0.006733822529223996,2023-07-08
2023-07-10,DRREDDY,0.04829005978863886,2023-07-08
2023-07-17,DRREDDY,0.044921572625224365,2023-07-08
2023-07-24,DRREDDY,0.007406964256681836,2023-07-08
2023-07-31,DRREDDY,0.007874398881793873,2023-07-08
2023-07-10,GSPL,0.003908087829432184,2023-07-08
2023-07-17,GSPL,-0.005915088564533781,2023-07-08
2023-07-24,GSPL,0.03211081846123564,2023-07-08
2023-07-31,GSPL,-0.005883923027862448,2023-07-08
2023-07-10,ITC,-0.004728345547099755,2023-07-08
2023-07-17,ITC,0.0003659705291587496,2023-07-08
2023-07-24,ITC,-0.004756067969982981,2023-07-08
2023-07-31,ITC,-0.0042687078556507075,2023-07-08
2023-07-10,JBCHEPHARM,-0.023073111652637066,2023-07-08
2023-07-17,JBCHEPHARM,0.02222734688288971,2023-07-08
2023-07-24,JBCHEPHARM,-0.0020436646937949158,2023-07-08
2023-07-31,JBCHEPHARM,0.009601859250500699,2023-07-08
2023-07-10,MARICO,0.004569361640821131,2023-07-08
2023-07-17,MARICO,0.003989823539188601,2023-07-08
2023-07-24,MARICO,0.006456716850505932,2023-07-08
2023-07-31,MARICO,0.0025775347089327825,2023-07-08
2023-07-10,NAVNETEDUL,0.005117895707895548,2023-07-08
2023-07-17,NAVNETEDUL,0.003947488685510147,2023-07-08
2023-07-24,NAVNETEDUL,-0.011778263225070692,2023-07-08
2023-07-31,NAVNETEDUL,-0.02238356435372355,2023-07-08
2023-07-10,NTPC,0.026163957735713547,2023-07-08
2023-07-17,NTPC,-0.011931462556112134,2023-07-08
2023-07-24,NTPC,0.008774185729152315,2023-07-08
2023-07-31,NTPC,-0.009978413633242927,2023-07-08
2023-07-10,POLYMED,0.0019784081251757236,2023-07-08
2023-07-17,POLYMED,-0.012958376473061911,2023-07-08
2023-07-24,POLYMED,0.014589445972659985,2023-07-08
2023-07-31,POLYMED,-0.010585712491405035,2023-07-08
2023-07-10,RELIANCE,0.020732838439592963,2023-07-08
2023-07-17,RELIANCE,0.007506873132766355,2023-07-08
2023-07-24,RELIANCE,0.0036862458041350588,2023-07-08
2023-07-31,RELIANCE,-0.006008293534995342,2023-07-08
2023-07-10,SUNPHARMA,0.0008307899283833674,2023-07-08
2023-07-17,SUNPHARMA,0.012466219899404609,2023-07-08
2023-07-24,SUNPHARMA,0.006571894193017547,2023-07-08
2023-07-31,SUNPHARMA,0.015839904853455627,2023-07-08
2023-07-10,UNOMINDA,-0.011244346986413368,2023-07-08
2023-07-17,UNOMINDA,0.005605827205547791,2023-07-08
2023-07-24,UNOMINDA,0.003738082087580524,2023-07-08
2023-07-31,UNOMINDA,0.022956317864609253,2023-07-08
2023-07-10,VBL,0.00255173118132537,2023-07-08
2023-07-17,VBL,0.025750661144747472,2023-07-08
2023-07-24,VBL,0.016821473136306022,2023-07-08
2023-07-31,VBL,0.006993430032878356,2023-07-08
2023-07-10,ZYDUSLIFE,-0.0011869592703441872,2023-07-08
2023-07-17,ZYDUSLIFE,-0.003612610996867874,2023-07-08
2023-07-24,ZYDUSLIFE,0.00933175607476001,2023-07-08
2023-07-31,ZYDUSLIFE,0.011592906727390296,2023-07-08
2023-07-17,ABBOTINDIA,0.004354860153481325,2023-07-15
2023-07-24,ABBOTINDIA,-9.649344990442986e-05,2023-07-15
2023-07-31,ABBOTINDIA,-0.004516560051346251,2023-07-15
2023-08-07,ABBOTINDIA,0.007812215170771638,2023-07-15
2023-07-17,ADANIPOWER,0.00038030607289640095,2023-07-15
2023-07-24,ADANIPOWER,0.04506407923124071,2023-07-15
2023-07-31,ADANIPOWER,0.004684628440529168,2023-07-15
2023-08-07,ADANIPOWER,0.01607280402380668,2023-07-15
2023-07-17,BALRAMCHIN,-0.0023309452861490815,2023-07-15
2023-07-24,BALRAMCHIN,-0.0015112562028924124,2023-07-15
2023-07-31,BALRAMCHIN,0.011936273734190664,2023-07-15
2023-08-07,BALRAMCHIN,0.004240590816952474,2023-07-15
2023-07-17,BPCL,-0.006220183719851644,2023-07-15
2023-07-24,BPCL,-0.010705331196017225,2023-07-15
2023-07-31,BPCL,0.017888265794632124,2023-07-15
2023-08-07,BPCL,-0.009032311406093006,2023-07-15
2023-07-17,BRITANNIA,0.010051194150119886,2023-07-15
2023-07-24,BRITANNIA,-0.010263133755590192,2023-07-15
2023-07-31,BRITANNIA,0.005384067204208925,2023-07-15
2023-08-07,BRITANNIA,-0.0022282649158755353,2023-07-15
2023-07-17,CIPLA,0.014491722764802761,2023-07-15
2023-07-24,CIPLA,-0.004163507116099795,2023-07-15
2023-07-31,CIPLA,0.003736791933744662,2023-07-15
2023-08-07,CIPLA,0.007402842089947969,2023-07-15
2023-07-17,COALINDIA,-0.0061245430560286735,2023-07-15
2023-07-24,COALINDIA,0.026595927457512283,2023-07-15
2023-07-31,COALINDIA,0.009291623086593733,2023-07-15
2023-08-07,COALINDIA,-0.005355361547122961,2023-07-15
2023-07-17,COLPAL,0.004768190508411209,2023-07-15
2023-07-24,COLPAL,0.007927264103314537,2023-07-15
2023-07-31,COLPAL,0.00043634792096911685,2023-07-15
2023-08-07,COLPAL,0.005817726957805848,2023-07-15
2023-07-17,DRREDDY,0.04375725619174459,2023-07-15
2023-07-24,DRREDDY,0.005661353188040439,2023-07-15
2023-07-31,DRREDDY,0.00226054425928811,2023-07-15
2023-08-07,DRREDDY,0.0063764973373815,2023-07-15
2023-07-17,GSPL,0.004106884862914501,2023-07-15
2023-07-24,GSPL,0.003603615253787098,2023-07-15
2023-07-31,GSPL,-0.009900384885916753,2023-07-15
2023-08-07,GSPL,0.0028979643332168025,2023-07-15
2023-07-17,ITC,0.012973971653621847,2023-07-15
2023-07-24,ITC,-0.012778620214281378,2023-07-15
2023-07-31,ITC,-0.006617191352260252,2023-07-15
2023-08-07,ITC,-0.0009644976883106665,2023-07-15
2023-07-17,JBCHEPHARM,0.00439895107935444,2023-07-15
2023-07-24,JBCHEPHARM,0.005757136943119248,2023-07-15
2023-07-31,JBCHEPHARM,0.016486617051154066,2023-07-15
2023-08-07,JBCHEPHARM,0.028365094221702823,2023-07-15
2023-07-17,MARICO,-0.008129951086357164,2023-07-15
2023-07-24,MARICO,0.025951830960282852,2023-07-15
2023-07-31,MARICO,-0.004060062606681479,2023-07-15
2023-08-07,MARICO,0.030888652320047193,2023-07-15
2023-07-17,NAVNETEDUL,-0.000133736872744397,2023-07-15
2023-07-24,NAVNETEDUL,-0.011342302757145128,2023-07-15
2023-07-31,NAVNETEDUL,-0.01409150759893418,2023-07-15
2023-08-07,NAVNETEDUL,0.005425605568155298,2023-07-15
2023-07-17,NTPC,-0.007883256041882348,2023-07-15
2023-07-24,NTPC,0.009775492232094498,2023-07-15
2023-07-31,NTPC,-0.006305244259757627,2023-07-15
2023-08-07,NTPC,0.00674157470945214,2023-07-15
2023-07-17,POLYMED,-0.008633095191328011,2023-07-15
2023-07-24,POLYMED,0.020609008071357102,2023-07-15
2023-07-31,POLYMED,-0.018176443896541234,2023-07-15
2023-08-07,POLYMED,0.0057907767797464186,2023-07-15
2023-07-17,RELIANCE,0.019567113068565643,2023-07-15
2023-07-24,RELIANCE,0.013054790919051833,2023-07-15
2023-07-31,RELIANCE,0.004777119013921508,2023-07-15
2023-08-07,RELIANCE,-0.0007546097793999713,2023-07-15
2023-07-17,SUNPHARMA,0.009972265187053289,2023-07-15
2023-07-24,SUNPHARMA,0.005344170417026451,2023-07-15
2023-07-31,SUNPHARMA,0.010328879853549834,2023-07-15
2023-08-07,SUNPHARMA,0.0010072857833422382,2023-07-15
2023-07-17,UNOMINDA,-0.0032302772751013047,2023-07-15
2023-07-24,UNOMINDA,0.00509524019998954,2023-07-15
2023-07-31,UNOMINDA,0.018608877308185244,2023-07-15
2023-08-07,UNOMINDA,0.0015200526619195782,2023-07-15
2023-07-17,VBL,0.012193149269033735,2023-07-15
2023-07-24,VBL,0.0057109326278270735,2023-07-15
2023-07-31,VBL,0.008198353815249342,2023-07-15
2023-08-07,VBL,0.014399416688376096,2023-07-15
2023-07-17,ZYDUSLIFE,0.0033358010269991345,2023-07-15
2023-07-24,ZYDUSLIFE,0.011363716957567969,2023-07-15
2023-07-31,ZYDUSLIFE,0.008661209826497408,2023-07-15
2023-08-07,ZYDUSLIFE,-0.012713969612259778,2023-07-15
2023-07-24,ABBOTINDIA,0.0014815224853746744,2023-07-22
2023-07-31,ABBOTINDIA,-0.009231779228156076,2023-07-22
2023-08-07,ABBOTINDIA,-0.008358780209908273,2023-07-22
2023-08-14,ABBOTINDIA,0.02030996316587767,2023-07-22
2023-07-24,ADANIPOWER,0.009377168142768144,2023-07-22
2023-07-31,ADANIPOWER,-0.019612035702036353,2023-07-22
2023-08-07,ADANIPOWER,0.017383755815000047,2023-07-22
2023-08-14,ADANIPOWER,-0.024844029763752502,2023-07-22
2023-07-24,BALRAMCHIN,0.012084409052311848,2023-07-22
2023-07-31,BALRAMCHIN,0.0039016434229551867,2023-07-22
2023-08-07,BALRAMCHIN,0.00817030037760195,2023-07-22
2023-08-14,BALRAMCHIN,0.008686055168285368,2023-07-22
2023-07-24,BPCL,-0.010983820455157195,2023-07-22
2023-07-31,BPCL,0.010977522989145293,2023-07-22
2023-08-07,BPCL,-0.009166693586988635,2023-07-22
2023-08-14,BPCL,0.0014387295499642227,2023-07-22
2023-07-24,BRITANNIA,-0.005060753679493993,2023-07-22
2023-07-31,BRITANNIA,0.00013090337911865496,2023-07-22
2023-08-07,BRITANNIA,0.0008090733550983188,2023-07-22
2023-08-14,BRITANNIA,-0.001671477847810592,2023-07-22
2023-07-24,CIPLA,-0.00834827305308067,2023-07-22
2023-07-31,CIPLA,-0.004983057502050338,2023-07-22
2023-08-07,CIPLA,0.0005940131186117164,2023-07-22
2023-08-14,CIPLA,-0.0033336408750537813,2023-07-22
2023-07-24,COALINDIA,0.008932829770486407,2023-07-22
2023-07-31,COALINDIA,0.008107513216302277,2023-07-22
2023-08-07,COALINDIA,-0.0020995560480174566,2023-07-22
2023-08-14,COALINDIA,-0.007487242674365664,2023-07-22
2023-07-24,COLPAL,0.00866996034611525,2023-07-22
2023-07-31,COLPAL,0.0021771385660513316,2023-07-22
2023-08-07,COLPAL,0.006347623313024075,2023-07-22
2023-08-14,COLPAL,0.015517488795050742,2023-07-22
2023-07-24,DRREDDY,0.019144461500656376,2023-07-22
2023-07-31,DRREDDY,0.0022681897586311916,2023-07-22
2023-08-07,DRREDDY,0.00764505277816102,2023-07-22
2023-08-14,DRREDDY,0.0016237777327723516,2023-07-22
2023-07-24,GSPL,0.008492897596915749,2023-07-22
2023-07-31,GSPL,-0.006559081825493929,2023-07-22
2023-08-07,GSPL,0.020772058629244878,2023-07-22
2023-08-14,GSPL,-0.011041187204377413,2023-07-22
2023-07-24,ITC,-0.014608392254963937,2023-07-22
2023-07-31,ITC,-0.005832696660557162,2023-07-22
2023-08-07,ITC,-0.00322190923647491,2023-07-22
2023-08-14,ITC,0.0011054138293482149,2023-07-22
2023-07-24,JBCHEPHARM,-0.004322233333960612,2023-07-22
2023-07-31,JBCHEPHARM,0.019607302536572474,2023-07-22
2023-08-07,JBCHEPHARM,0.0029989685326050706,2023-07-22
2023-08-14,JBCHEPHARM,0.019528700517747865,2023-07-22
2023-07-24,MARICO,0.0006966680425547519,2023-07-22
2023-07-31,MARICO,-0.004686042039066963,2023-07-22
2023-08-07,MARICO,0.018606814360710135,2023-07-22
2023-08-14,MARICO,-0.019244261417152585,2023-07-22
2023-07-24,NAVNETEDUL,-0.02627339599747621,2023-07-22
2023-07-31,NAVNETEDUL,-0.025226050406165653,2023-07-22
2023-08-07,NAVNETEDUL,0.004723327715695973,2023-07-22
2023-08-14,NAVNETEDUL,0.02117656187567685,2023-07-22
2023-07-24,NTPC,0.020548623409793805,2023-07-22
2023-07-31,NTPC,-0.005485561516671278,2023-07-22
2023-08-07,NTPC,0.018686016970462897,2023-07-22
2023-08-14,NTPC,0.0008766923243862746,2023-07-22
2023-07-24,POLYMED,0.016389614256900702,2023-07-22
2023-07-31,POLYMED,-0.018210349492357177,2023-07-22
2023-08-07,POLYMED,0.007827266573346023,2023-07-22
2023-08-14,POLYMED,0.00869861449915564,2023-07-22
2023-07-24,RELIANCE,0.009354114930188605,2023-07-22
2023-07-31,RELIANCE,0.005345681363180387,2023-07-22
2023-08-07,RELIANCE,9.507610476129143e-05,2023-07-22
2023-08-14,RELIANCE,-0.00915026479530204,2023-07-22
2023-07-24,SUNPHARMA,0.0016621493345364434,2023-07-22
2023-07-31,SUNPHARMA,0.007332522874550771,2023-07-22
2023-08-07,SUNPHARMA,-0.00015032938243736622,2023-07-22
2023-08-14,SUNPHARMA,0.004230484439721058,2023-07-22
2023-07-24,UNOMINDA,0.011779775953802966,2023-07-22
2023-07-31,UNOMINDA,0.015138241228951884,2023-07-22
2023-08-07,UNOMINDA,0.004184820984197494,2023-07-22
2023-08-14,UNOMINDA,0.02059457496783455,2023-07-22
2023-07-24,VBL,0.023855507868755448,2023-07-22
2023-07-31,VBL,0.004113021221027599,2023-07-22
2023-08-07,VBL,0.006745902032545928,2023-07-22
2023-08-14,VBL,0.02179820176860355,2023-07-22
2023-07-24,ZYDUSLIFE,0.010271045573693684,2023-07-22
2023-07-31,ZYDUSLIFE,0.003492950156480229,2023-07-22
2023-08-07,ZYDUSLIFE,-0.014230839835742309,2023-07-22
2023-08-14,ZYDUSLIFE,-0.0030389981730930275,2023-07-22
2023-07-31,ABBOTINDIA,-0.00608745099759773,2023-07-29
2023-08-07,ABBOTINDIA,-0.0035125639580575047,2023-07-29
2023-08-14,ABBOTINDIA,0.01942693832551311,2023-07-29
2023-08-21,ABBOTINDIA,0.009652558779691461,2023-07-29
2023-07-31,ADANIPOWER,0.006355489988795152,2023-07-29
2023-08-07,ADANIPOWER,0.01569595745160711,2023-07-29
2023-08-14,ADANIPOWER,-0.004919957686943962,2023-07-29
2023-08-21,ADANIPOWER,-0.020917146402138695,2023-07-29
2023-07-31,BALRAMCHIN,0.016311271399722327,2023-07-29
2023-08-07,BALRAMCHIN,0.0064627854846433085,2023-07-29
2023-08-14,BALRAMCHIN,0.01094133039270145,2023-07-29
2023-08-21,BALRAMCHIN,0.041756928158415245,2023-07-29
2023-07-31,BPCL,0.016782334791589245,2023-07-29
2023-08-07,BPCL,-0.008591409393558723,2023-07-29
2023-08-14,BPCL,-0.007108212641094532,2023-07-29
2023-08-21,BPCL,-0.008928917368230121,2023-07-29
2023-07-31,BRITANNIA,-0.000441517687985746,2023-07-29
2023-08-07,BRITANNIA,0.008306634885861272,2023-07-29
2023-08-14,BRITANNIA,-0.005117731653681648,2023-07-29
2023-08-21,BRITANNIA,0.0009741671199854432,2023-07-29
2023-07-31,CIPLA,-0.007270286613402845,2023-07-29
2023-08-07,CIPLA,0.004712669189940194,2023-07-29
2023-08-14,CIPLA,-0.0050549263348429315,2023-07-29
2023-08-21,CIPLA,-0.020735479300929595,2023-07-29
2023-07-31,COALINDIA,0.012309880146340624,2023-07-29
2023-08-07,COALINDIA,-0.004620560645527195,2023-07-29
2023-08-14,COALINDIA,0.0031767081556621493,2023-07-29
2023-08-21,COALINDIA,-0.022586462611566334,2023-07-29
2023-07-31,COLPAL,-0.0014812200644420286,2023-07-29
2023-08-07,COLPAL,0.011513899111912536,2023-07-29
2023-08-14,COLPAL,0.013362863103507216,2023-07-29
2023-08-21,COLPAL,-0.00047138797405449096,2023-07-29
2023-07-31,DRREDDY,0.006193088547589652,2023-07-29
2023-08-07,DRREDDY,0.007690251831123606,2023-07-29
2023-08-14,DRREDDY,-0.006464699974861656,2023-07-29
2023-08-21,DRREDDY,-0.0009776114529221301,2023-07-29
2023-07-31,GSPL,-0.004890733588287804,2023-07-29
2023-08-07,GSPL,0.007477180581969134,2023-07-29
2023-08-14,GSPL,-0.025577003777049686,2023-07-29
2023-08-21,GSPL,-0.0026844542310084764,2023-07-29
2023-07-31,ITC,-0.0017914804349938721,2023-07-29
2023-08-07,ITC,0.0009556877083908713,2023-07-29
2023-08-14,ITC,-5.895936961518389e-05,2023-07-29
2023-08-21,ITC,0.01797267822749663,2023-07-29
2023-07-31,JBCHEPHARM,0.02201043655476314,2023-07-29
2023-08-07,JBCHEPHARM,0.0021196025426178855,2023-07-29
2023-08-14,JBCHEPHARM,0.012710108788515962,2023-07-29
2023-08-21,JBCHEPHARM,0.011114676404490806,2023-07-29
2023-07-31,MARICO,-0.013183787061947547,2023-07-29
2023-08-07,MARICO,0.015975083139859757,2023-07-29
2023-08-14,MARICO,-0.02134008289105681,2023-07-29
2023-08-21,MARICO,-0.002097959977208088,2023-07-29
2023-07-31,NAVNETEDUL,-0.007536050209968282,2023-07-29
2023-08-07,NAVNETEDUL,-0.0015715019201926743,2023-07-29
2023-08-14,NAVNETEDUL,0.02889328796527684,2023-07-29
2023-08-21,NAVNETEDUL,-0.003566224757127215,2023-07-29
2023-07-31,NTPC,-0.0033029635411430886,2023-07-29
2023-08-07,NTPC,0.011450895799560431,2023-07-29
2023-08-14,NTPC,0.0009397040789258564,2023-07-29
2023-08-21,NTPC,0.003233051226866571,2023-07-29
2023-07-31,POLYMED,-0.007713805025631528,2023-07-29
2023-08-07,POLYMED,0.009280590229871726,2023-07-29
2023-08-14,POLYMED,0.02463800049482304,2023-07-29
2023-08-21,POLYMED,-0.021811562617057,2023-07-29
2023-07-31,RELIANCE,-0.017722340211490863,2023-07-29
2023-08-07,RELIANCE,-0.012004163899287842,2023-07-29
2023-08-14,RELIANCE,-0.010297787667486784,2023-07-29
2023-08-21,RELIANCE,-0.015047290570301974,2023-07-29
2023-07-31,SUNPHARMA,0.01482839139279602,2023-07-29
2023-08-07,SUNPHARMA,0.0013074036239412751,2023-07-29
2023-08-14,SUNPHARMA,0.009222235061606125,2023-07-29
2023-08-21,SUNPHARMA,0.007085323952460318,2023-07-29
2023-07-31,UNOMINDA,0.009981130847840507,2023-07-29
2023-08-07,UNOMINDA,-0.0029892367750059,2023-07-29
2023-08-14,UNOMINDA,0.03130434834102946,2023-07-29
2023-08-21,UNOMINDA,-0.013267158786426472,2023-07-29
2023-07-31,VBL,-0.0034822868283141757,2023-07-29
2023-08-07,VBL,0.01060047508802974,2023-07-29
2023-08-14,VBL,0.010910669301498784,2023-07-29
2023-08-21,VBL,0.02659844705597341,2023-07-29
2023-07-31,ZYDUSLIFE,0.004094338331383719,2023-07-29
2023-08-07,ZYDUSLIFE,-0.009226643544611278,2023-07-29
2023-08-14,ZYDUSLIFE,-0.017251711983356465,2023-07-29
2023-08-21,ZYDUSLIFE,0.005195478639964254,2023-07-29
2023-08-07,ABBOTINDIA,-0.011357555368912616,2023-08-05
2023-08-14,ABBOTINDIA,0.013501737757406141,2023-08-05
2023-08-21,ABBOTINDIA,0.00042957189595649065,2023-08-05
2023-08-28,ABBOTINDIA,0.015846335900942584,2023-08-05
2023-08-07,ADANIPOWER,0.0006373664054070971,2023-08-05
2023-08-14,ADANIPOWER,-0.0034135034759418433,2023-08-05
2023-08-21,ADANIPOWER,-0.038760702866071216,2023-08-05
2023-08-28,ADANIPOWER,0.029285699672388612,2023-08-05
2023-08-07,BALRAMCHIN,-0.003136315763553688,2023-08-05
2023-08-14,BALRAMCHIN,0.008530964885542412,2023-08-05
2023-08-21,BALRAMCHIN,0.042409983523091124,2023-08-05
2023-08-28,BALRAMCHIN,-0.01088898796840214,2023-08-05
2023-08-07,BPCL,-0.010767166451707494,2023-08-05
2023-08-14,BPCL,-0.0012945044231744381,2023-08-05
2023-08-21,BPCL,-0.0037477930254402885,2023-08-05
2023-08-28,BPCL,0.011689025609806038,2023-08-05
2023-08-07,BRITANNIA,0.002642663296088671,2023-08-05
2023-08-14,BRITANNIA,-0.0015501318652119613,2023-08-05
2023-08-21,BRITANNIA,-0.0012417724380808664,2023-08-05
2023-08-28,BRITANNIA,-0.0013362404520788523,2023-08-05
2023-08-07,CIPLA,-0.0021415662565012227,2023-08-05
2023-08-14,CIPLA,-0.0028825591954810977,2023-08-05
2023-08-21,CIPLA,-0.008425954051332908,2023-08-05
2023-08-28,CIPLA,0.022581014412895725,2023-08-05
2023-08-07,COALINDIA,-0.008192618427614897,2023-08-05
2023-08-14,COALINDIA,-0.0036379005755337378,2023-08-05
2023-08-21,COALINDIA,-0.01811572131531062,2023-08-05
2023-08-28,COALINDIA,0.008969434796823605,2023-08-05
2023-08-07,COLPAL,0.005159225904015972,2023-08-05
2023-08-14,COLPAL,0.0035330615125204966,2023-08-05
2023-08-21,COLPAL,-0.0019920897227023184,2023-08-05
2023-08-28,COLPAL,0.002634069617164483,2023-08-05
2023-08-07,DRREDDY,0.006563558027085881,2023-08-05
2023-08-14,DRREDDY,-0.0030430914444743782,2023-08-05
2023-08-21,DRREDDY,0.00677303567517873,2023-08-05
2023-08-28,DRREDDY,-0.0002586417558977308,2023-08-05
2023-08-07,GSPL,0.0032610451383773965,2023-08-05
2023-08-14,GSPL,-0.0136617618561403,2023-08-05
2023-08-21,GSPL,-0.003169719989499546,2023-08-05
2023-08-28,GSPL,-0.009005755039349158,2023-08-05
2023-08-07,ITC,-0.0034386630534760316,2023-08-05
2023-08-14,ITC,-0.00103903940753825,2023-08-05
2023-08-21,ITC,-0.010540141621043638,2023-08-05
2023-08-28,ITC,-0.006637615153869956,2023-08-05
2023-08-07,JBCHEPHARM,0.0008176552670639178,2023-08-05
2023-08-14,JBCHEPHARM,0.015526787926878425,2023-08-05
2023-08-21,JBCHEPHARM,-0.00021016491840168626,2023-08-05
2023-08-28,JBCHEPHARM,0.008753394946426086,2023-08-05
2023-08-07,MARICO,0.01916633029766964,2023-08-05
2023-08-14,MARICO,-0.030954862959787766,2023-08-05
2023-08-21,MARICO,0.0023655413563947333,2023-08-05
2023-08-28,MARICO,-0.006195067077026472,2023-08-05
2023-08-07,NAVNETEDUL,-0.0012143765187019751,2023-08-05
2023-08-14,NAVNETEDUL,0.024224888615361838,2023-08-05
2023-08-21,NAVNETEDUL,-0.004926773169784212,2023-08-05
2023-08-28,NAVNETEDUL,-0.00904401230760111,2023-08-05
2023-08-07,NTPC,0.008417219790653222,2023-08-05
2023-08-14,NTPC,-0.0012233789321183712,2023-08-05
2023-08-21,NTPC,0.001157662288537061,2023-08-05
2023-08-28,NTPC,0.006470774481912255,2023-08-05
2023-08-07,POLYMED,0.020600762512378638,2023-08-05
2023-08-14,POLYMED,0.021231307114774084,2023-08-05
2023-08-21,POLYMED,-0.009470275694214762,2023-08-05
2023-08-28,POLYMED,-0.01550114234226777,2023-08-05
2023-08-07,RELIANCE,-0.012376439694499898,2023-08-05
2023-08-14,RELIANCE,-0.01163868382638341,2023-08-05
2023-08-21,RELIANCE,-0.006410202439323214,2023-08-05
2023-08-28,RELIANCE,0.001416483250229597,2023-08-05
2023-08-07,SUNPHARMA,0.0028335822939785046,2023-08-05
2023-08-14,SUNPHARMA,0.006086753430791608,2023-08-05
2023-08-21,SUNPHARMA,0.0051583547998192295,2023-08-05
2023-08-28,SUNPHARMA,-0.006680940835274847,2023-08-05
2023-08-07,UNOMINDA,-0.0009630323147484184,2023-08-05
2023-08-14,UNOMINDA,-0.01645726520604265,2023-08-05
2023-08-21,UNOMINDA,-0.017000500156221125,2023-08-05
2023-08-28,UNOMINDA,0.004090506516434738,2023-08-05
2023-08-07,VBL,0.0087235062096854,2023-08-05
2023-08-14,VBL,0.021927658112925016,2023-08-05
2023-08-21,VBL,0.02100853029341502,2023-08-05
2023-08-28,VBL,0.011014444950166733,2023-08-05
2023-08-07,ZYDUSLIFE,-0.01962448119913421,2023-08-05
2023-08-14,ZYDUSLIFE,-0.01709945515695033,2023-08-05
2023-08-21,ZYDUSLIFE,0.010018505722414235,2023-08-05
2023-08-28,ZYDUSLIFE,0.011017602322313217,2023-08-05
2023-08-14,ABBOTINDIA,0.017631378261635716,2023-08-12
2023-08-21,ABBOTINDIA,0.0053845509656470485,2023-08-12
2023-08-28,ABBOTINDIA,0.011602017592232597,2023-08-12
2023-09-04,ABBOTINDIA,-0.011287162079143003,2023-08-12
2023-08-14,ADANIPOWER,-0.013388324806996912,2023-08-12
2023-08-21,ADANIPOWER,-0.02443960943790643,2023-08-12
2023-08-28,ADANIPOWER,0.02902838519133931,2023-08-12
2023-09-04,ADANIPOWER,-0.0337444401627511,2023-08-12
2023-08-14,BALRAMCHIN,0.049480643284267226,2023-08-12
2023-08-21,BALRAMCHIN,0.04788097582328175,2023-08-12
2023-08-28,BALRAMCHIN,0.00024020794975074727,2023-08-12
2023-09-04,BALRAMCHIN,-0.011864973625410917,2023-08-12
2023-08-14,BPCL,-0.0031836159896834423,2023-08-12
2023-08-21,BPCL,-0.00857249850448117,2023-08-12
2023-08-28,BPCL,0.01572585810803499,2023-08-12
2023-09-04,BPCL,-0.013068435504575395,2023-08-12
2023-08-14,BRITANNIA,-0.008847540268980868,2023-08-12
2023-08-21,BRITANNIA,-0.000806527171229016,2023-08-12
2023-08-28,BRITANNIA,-6.964339071717604e-05,2023-08-12
2023-09-04,BRITANNIA,-0.0003587961427631718,2023-08-12
2023-08-14,CIPLA,0.0006012452530734109,2023-08-12
2023-08-21,CIPLA,0.0029656850546823828,2023-08-12
2023-08-28,CIPLA,0.025176278783351585,2023-08-12
2023-09-04,CIPLA,-0.009234462232626127,2023-08-12
2023-08-14,COALINDIA,-0.013584016398789658,2023-08-12
2023-08-21,COALINDIA,-0.009446855482614838,2023-08-12
2023-08-28,COALINDIA,0.01525024242113736,2023-08-12
2023-09-04,COALINDIA,-0.005367395423635451,2023-08-12
2023-08-14,COLPAL,0.010802632181971606,2023-08-12
2023-08-21,COLPAL,-0.002733102923661128,2023-08-12
2023-08-28,COLPAL,0.0022249621746082316,2023-08-12
2023-09-04,COLPAL,-0.002484378032982339,2023-08-12
2023-08-14,DRREDDY,-0.0026014539817898466,2023-08-12
2023-08-21,DRREDDY,-0.0007920129021389575,2023-08-12
2023-08-28,DRREDDY,-0.0018651826655357742,2023-08-12
2023-09-04,DRREDDY,-0.00030553046229243316,2023-08-12
2023-08-14,GSPL,0.001388181773185357,2023-08-12
2023-08-21,GSPL,-0.01414982052758692,2023-08-12
2023-08-28,GSPL,-0.0037473840455945124,2023-08-12
2023-09-04,GSPL,0.026386043832398762,2023-08-12
2023-08-14,ITC,0.0025390993951394723,2023-08-12
2023-08-21,ITC,0.00041081794549040614,2023-08-12
2023-08-28,ITC,-0.008477157069684422,2023-08-12
2023-09-04,ITC,0.0028502255330855432,2023-08-12
2023-08-14,JBCHEPHARM,0.007687049447894426,2023-08-12
2023-08-21,JBCHEPHARM,-0.007698948227428277,2023-08-12
2023-08-28,JBCHEPHARM,0.01669606001811404,2023-08-12
2023-09-04,JBCHEPHARM,0.012863685336304007,2023-08-12
2023-08-14,MARICO,-0.021237269552250946,2023-08-12
2023-08-21,MARICO,0.006239900550129562,2023-08-12
2023-08-28,MARICO,-0.012104355858355568,2023-08-12
2023-09-04,MARICO,-0.003139834517105135,2023-08-12
2023-08-14,NAVNETEDUL,0.017084594174295534,2023-08-12
2023-08-21,NAVNETEDUL,-0.010377665267172547,2023-08-12
2023-08-28,NAVNETEDUL,-0.007055106375909708,2023-08-12
2023-09-04,NAVNETEDUL,-0.012342330217753716,2023-08-12
2023-08-14,NTPC,0.0031953301596857804,2023-08-12
2023-08-21,NTPC,0.0012754366339898058,2023-08-12
2023-08-28,NTPC,-0.00024479765740685903,2023-08-12
2023-09-04,NTPC,-0.007046702938235623,2023-08-12
2023-08-14,POLYMED,0.01707439360766443,2023-08-12
2023-08-21,POLYMED,0.019235165558437777,2023-08-12
2023-08-28,POLYMED,-0.004577665644503187,2023-08-12
2023-09-04,POLYMED,0.013989276923260347,2023-08-12
2023-08-14,RELIANCE,-0.026434079828854515,2023-08-12
2023-08-21,RELIANCE,-0.005529484134007398,2023-08-12
2023-08-28,RELIANCE,0.000876646751989885,2023-08-12
2023-09-04,RELIANCE,-0.040658000177239854,2023-08-12
2023-08-14,SUNPHARMA,0.006794690656115205,2023-08-12
2023-08-21,SUNPHARMA,0.014552257849845237,2023-08-12
2023-08-28,SUNPHARMA,-0.0094786437324049,2023-08-12
2023-09-04,SUNPHARMA,0.004326641216326099,2023-08-12
2023-08-14,UNOMINDA,0.014515267790685992,2023-08-12
2023-08-21,UNOMINDA,-0.012889327528326885,2023-08-12
2023-08-28,UNOMINDA,0.012930897646764954,2023-08-12
2023-09-04,UNOMINDA,0.016718396551948442,2023-08-12
2023-08-14,VBL,0.02032275777235364,2023-08-12
2023-08-21,VBL,0.03877938725347736,2023-08-12
2023-08-28,VBL,-0.004898743776212291,2023-08-12
2023-09-04,VBL,0.022298222729897683,2023-08-12
2023-08-14,ZYDUSLIFE,-0.010778355644369872,2023-08-12
2023-08-21,ZYDUSLIFE,0.013651469254162558,2023-08-12
2023-08-28,ZYDUSLIFE,0.008372946012779442,2023-08-12
2023-09-04,ZYDUSLIFE,-0.001391736517209301,2023-08-12
2023-08-21,ABBOTINDIA,0.011146469876310044,2023-08-19
2023-08-28,ABBOTINDIA,0.009577461014436028,2023-08-19
2023-09-04,ABBOTINDIA,-0.00502267640215228,2023-08-19
2023-09-11,ABBOTINDIA,-0.00012287829470709077,2023-08-19
2023-08-21,ADANIPOWER,-0.041900418536422665,2023-08-19
2023-08-28,ADANIPOWER,0.00408015076294377,2023-08-19
2023-09-04,ADANIPOWER,-0.020912110180260627,2023-08-19
2023-09-11,ADANIPOWER,0.007089655339480589,2023-08-19
2023-08-21,BALRAMCHIN,0.021442650438310378,2023-08-19
2023-08-28,BALRAMCHIN,0.0005950775356601397,2023-08-19
2023-09-04,BALRAMCHIN,-0.002438183321047991,2023-08-19
2023-09-11,BALRAMCHIN,0.035772942929766655,2023-08-19
2023-08-21,BPCL,-0.003372007797053895,2023-08-19
2023-08-28,BPCL,0.012181821132817183,2023-08-19
2023-09-04,BPCL,-0.0036178709701581184,2023-08-19
2023-09-11,BPCL,-0.001674310965140961,2023-08-19
2023-08-21,BRITANNIA,0.0016705399194025638,2023-08-19
2023-08-28,BRITANNIA,-0.00025860246500793063,2023-08-19
2023-09-04,BRITANNIA,-0.0004522843483574403,2023-08-19
2023-09-11,BRITANNIA,0.006139167780228505,2023-08-19
2023-08-21,CIPLA,-0.00788177862281852,2023-08-19
2023-08-28,CIPLA,0.03183771457642788,2023-08-19
2023-09-04,CIPLA,-0.0029844385539816143,2023-08-19
2023-09-11,CIPLA,0.00927332951524809,2023-08-19
2023-08-21,COALINDIA,-0.010305177313762248,2023-08-19
2023-08-28,COALINDIA,0.005115974969424967,2023-08-19
2023-09-04,COALINDIA,-0.012519911629256975,2023-08-19
2023-09-11,COALINDIA,0.03897724225219187,2023-08-19
2023-08-21,COLPAL,0.001126418372345895,2023-08-19
2023-08-28,COLPAL,0.0032777630845244165,2023-08-19
2023-09-04,COLPAL,0.0014841971034816103,2023-08-19
2023-09-11,COLPAL,0.005528588004816888,2023-08-19
2023-08-21,DRREDDY,0.0034459610503641117,2023-08-19
2023-08-28,DRREDDY,-0.00028035491138164866,2023-08-19
2023-09-04,DRREDDY,0.006519814158796,2023-08-19
2023-09-11,DRREDDY,0.011881959951257537,2023-08-19
2023-08-21,GSPL,-0.001153136859335217,2023-08-19
2023-08-28,GSPL,-0.006968352778483529,2023-08-19
2023-09-04,GSPL,0.00822592083262339,2023-08-19
2023-09-11,GSPL,0.02056030159206366,2023-08-19
2023-08-21,ITC,0.002210589401280494,2023-08-19
2023-08-28,ITC,-0.004864471909539295,2023-08-19
2023-09-04,ITC,0.01242770664417406,2023-08-19
2023-09-11,ITC,0.014443238634751991,2023-08-19
2023-08-21,JBCHEPHARM,-0.00024159935182301988,2023-08-19
2023-08-28,JBCHEPHARM,0.013555285104394833,2023-08-19
2023-09-04,JBCHEPHARM,0.015177993986340914,2023-08-19
2023-09-11,JBCHEPHARM,0.012892093504192828,2023-08-19
2023-08-21,MARICO,0.005305077990516502,2023-08-19
2023-08-28,MARICO,-0.013604235794404562,2023-08-19
2023-09-04,MARICO,-0.014517841072057181,2023-08-19
2023-09-11,MARICO,0.005714967635482193,2023-08-19
2023-08-21,NAVNETEDUL,0.0013704238222565057,2023-08-19
2023-08-28,NAVNETEDUL,7.64970122737324e-05,2023-08-19
2023-09-04,NAVNETEDUL,0.010180837259629172,2023-08-19
2023-09-11,NAVNETEDUL,0.02422954450875639,2023-08-19
2023-08-21,NTPC,0.01560678625638272,2023-08-19
2023-08-28,NTPC,0.00977203369981283,2023-08-19
2023-09-04,NTPC,-0.0038577117352897677,2023-08-19
2023-09-11,NTPC,0.00041272489027120105,2023-08-19
2023-08-21,POLYMED,-0.004183347225492294,2023-08-19
2023-08-28,POLYMED,-0.010789910616109566,2023-08-19
2023-09-04,POLYMED,0.014790536933678915,2023-08-19
2023-09-11,POLYMED,0.01784852989192595,2023-08-19
2023-08-21,RELIANCE,0.0009082432893274447,2023-08-19
2023-08-28,RELIANCE,-0.002443637172514628,2023-08-19
2023-09-04,RELIANCE,-0.013831064370787427,2023-08-19
2023-09-11,RELIANCE,-0.005279476767531002,2023-08-19
2023-08-21,SUNPHARMA,0.016252349825815145,2023-08-19
2023-08-28,SUNPHARMA,-0.007859911998272903,2023-08-19
2023-09-04,SUNPHARMA,0.00547653819748214,2023-08-19
2023-09-11,SUNPHARMA,-0.004336963121138296,2023-08-19
2023-08-21,UNOMINDA,-0.012961886721609011,2023-08-19
2023-08-28,UNOMINDA,0.014401178084882048,2023-08-19
2023-09-04,UNOMINDA,-0.008190047304717231,2023-08-19
2023-09-11,UNOMINDA,-0.002185056398264893,2023-08-19
2023-08-21,VBL,0.03475122515257802,2023-08-19
2023-08-28,VBL,0.00669307492961715,2023-08-19
2023-09-04,VBL,0.018902918416607455,2023-08-19
2023-09-11,VBL,0.016550411188023625,2023-08-19
2023-08-21,ZYDUSLIFE,0.00343382575937747,2023-08-19
2023-08-28,ZYDUSLIFE,0.01149103906663321,2023-08-19
2023-09-04,ZYDUSLIFE,-0.002972214573778321,2023-08-19
2023-09-11,ZYDUSLIFE,-0.023423485229869295,2023-08-19
2023-08-28,ABBOTINDIA,0.013492889555060091,2023-08-26
2023-09-04,ABBOTINDIA,-0.006703957556087071,2023-08-26
2023-09-11,ABBOTINDIA,0.0019128999456601002,2023-08-26
2023-09-18,ABBOTINDIA,-0.006762414536605267,2023-08-26
2023-08-28,ADANIPOWER,0.01758932560518602,2023-08-26
2023-09-04,ADANIPOWER,-0.019132086173307545,2023-08-26
2023-09-11,ADANIPOWER,0.006997736721158285,2023-08-26
2023-09-18,ADANIPOWER,0.004433972027626537,2023-08-26
2023-08-28,BALRAMCHIN,-0.004039243394866462,2023-08-26
2023-09-04,BALRAMCHIN,0.02245451620921829,2023-08-26
2023-09-11,BALRAMCHIN,0.043999313420206784,2023-08-26
2023-09-18,BALRAMCHIN,-0.00371742652945308,2023-08-26
2023-08-28,BPCL,0.007473153140197694,2023-08-26
2023-09-04,BPCL,-0.0014031056820623634,2023-08-26
2023-09-11,BPCL,0.004383335733676318,2023-08-26
2023-09-18,BPCL,0.01425527232523133,2023-08-26
2023-08-28,BRITANNIA,-0.0035197324064679576,2023-08-26
2023-09-04,BRITANNIA,0.005285869542989874,2023-08-26
2023-09-11,BRITANNIA,0.009321006988524916,2023-08-26
2023-09-18,BRITANNIA,0.016961375959562885,2023-08-26
2023-08-28,CIPLA,0.06282160354862269,2023-08-26
2023-09-04,CIPLA,0.00036751419361026876,2023-08-26
2023-09-11,CIPLA,0.0009940044271993102,2023-08-26
2023-09-18,CIPLA,-0.007518582997455219,2023-08-26
2023-08-28,COALINDIA,0.01319164466338208,2023-08-26
2023-09-04,COALINDIA,-0.004355055968032771,2023-08-26
2023-09-11,COALINDIA,0.03420315464912434,2023-08-26
2023-09-18,COALINDIA,0.012582326032925336,2023-08-26
2023-08-28,COLPAL,0.002357954236107659,2023-08-26
2023-09-04,COLPAL,0.0005218792660218315,2023-08-26
2023-09-11,COLPAL,0.006077055156536936,2023-08-26
2023-09-18,COLPAL,0.0031856755574721863,2023-08-26
2023-08-28,DRREDDY,-0.0005183250479165401,2023-08-26
2023-09-04,DRREDDY,0.0028823517986202637,2023-08-26
2023-09-11,DRREDDY,0.01509566238034774,2023-08-26
2023-09-18,DRREDDY,0.014105162073064675,2023-08-26
2023-08-28,GSPL,-0.006652441458017644,2023-08-26
2023-09-04,GSPL,0.001315211513481874,2023-08-26
2023-09-11,GSPL,0.014760453931091636,2023-08-26
2023-09-18,GSPL,0.018928758253973825,2023-08-26
2023-08-28,ITC,-0.006103662352449548,2023-08-26
2023-09-04,ITC,0.005630042912525221,2023-08-26
2023-09-11,ITC,-0.0013582780270457331,2023-08-26
2023-09-18,ITC,-0.008355839740028594,2023-08-26
2023-08-28,JBCHEPHARM,0.022462066798982945,2023-08-26
2023-09-04,JBCHEPHARM,0.007648256796307615,2023-08-26
2023-09-11,JBCHEPHARM,0.010165580803947345,2023-08-26
2023-09-18,JBCHEPHARM,0.010378293470713671,2023-08-26
2023-08-28,MARICO,-0.01266886323404063,2023-08-26
2023-09-04,MARICO,-0.005636260818321324,2023-08-26
2023-09-11,MARICO,0.005839417085257005,2023-08-26
2023-09-18,MARICO,0.0031013550830598755,2023-08-26
2023-08-28,NAVNETEDUL,0.010934849307970467,2023-08-26
2023-09-04,NAVNETEDUL,0.006796284546158346,2023-08-26
2023-09-11,NAVNETEDUL,0.026334866644422802,2023-08-26
2023-09-18,NAVNETEDUL,0.007417521011250544,2023-08-26
2023-08-28,NTPC,0.01308404681303578,2023-08-26
2023-09-04,NTPC,-0.0055418448427734125,2023-08-26
2023-09-11,NTPC,-0.0018904774188943665,2023-08-26
2023-09-18,NTPC,0.012538230735522194,2023-08-26
2023-08-28,POLYMED,0.008127096215066725,2023-08-26
2023-09-04,POLYMED,0.016305277782971053,2023-08-26
2023-09-11,POLYMED,0.019937561120567878,2023-08-26
2023-09-18,POLYMED,-0.006860949467009624,2023-08-26
2023-08-28,RELIANCE,0.011240814577723477,2023-08-26
2023-09-04,RELIANCE,-0.03810603745602622,2023-08-26
2023-09-11,RELIANCE,-0.020457300063261196,2023-08-26
2023-09-18,RELIANCE,0.021243694478969267,2023-08-26
2023-08-28,SUNPHARMA,-0.002100088135076029,2023-08-26
2023-09-04,SUNPHARMA,0.00944040570821157,2023-08-26
2023-09-11,SUNPHARMA,-0.0027421884094132273,2023-08-26
2023-09-18,SUNPHARMA,0.01676040305843466,2023-08-26
2023-08-28,UNOMINDA,0.011633877679757768,2023-08-26
2023-09-04,UNOMINDA,0.005006367314648769,2023-08-26
2023-09-11,UNOMINDA,-0.01205481167405213,2023-08-26
2023-09-18,UNOMINDA,-0.01130762660200675,2023-08-26
2023-08-28,VBL,0.001655842219481397,2023-08-26
2023-09-04,VBL,0.020206153460733862,2023-08-26
2023-09-11,VBL,0.01581908913806397,2023-08-26
2023-09-18,VBL,0.012740646981707302,2023-08-26
2023-08-28,ZYDUSLIFE,0.009751484919438393,2023-08-26
2023-09-04,ZYDUSLIFE,-0.010639774060209444,2023-08-26
2023-09-11,ZYDUSLIFE,-0.007972561429649656,2023-08-26
2023-09-18,ZYDUSLIFE,-0.0024031009279261153,2023-08-26
2023-09-04,ABBOTINDIA,-0.008361178597426216,2023-09-02
2023-09-11,ABBOTINDIA,0.007793691997719984,2023-09-02
2023-09-18,ABBOTINDIA,-0.005817968990508444,2023-09-02
2023-09-25,ABBOTINDIA,0.002406245752028179,2023-09-02
2023-09-04,ADANIPOWER,-0.014076560733291377,2023-09-02
2023-09-11,ADANIPOWER,-0.0020117503892491846,2023-09-02
2023-09-18,ADANIPOWER,0.02199898225180845,2023-09-02
2023-09-25,ADANIPOWER,0.01675410857589714,2023-09-02
2023-09-04,BALRAMCHIN,-0.06567526458629469,2023-09-02
2023-09-11,BALRAMCHIN,0.01927757964062356,2023-09-02
2023-09-18,BALRAMCHIN,-0.056495196064629556,2023-09-02
2023-09-25,BALRAMCHIN,0.011058312922060888,2023-09-02
2023-09-04,BPCL,-0.00743583242563481,2023-09-02
2023-09-11,BPCL,0.00011554214384982029,2023-09-02
2023-09-18,BPCL,0.015130132400799233,2023-09-02
2023-09-25,BPCL,-0.012838800205382174,2023-09-02
2023-09-04,BRITANNIA,0.005027186969593903,2023-09-02
2023-09-11,BRITANNIA,0.014626865736304798,2023-09-02
2023-09-18,BRITANNIA,-0.005566934330697285,2023-09-02
2023-09-25,BRITANNIA,-0.007316483622846384,2023-09-02
2023-09-04,CIPLA,0.0012527555008218685,2023-09-02
2023-09-11,CIPLA,0.012145528458236703,2023-09-02
2023-09-18,CIPLA,-0.009561507234678848,2023-09-02
2023-09-25,CIPLA,-0.002613037969587889,2023-09-02
2023-09-04,COALINDIA,-0.0005758668357501771,2023-09-02
2023-09-11,COALINDIA,0.05088759029957704,2023-09-02
2023-09-18,COALINDIA,0.01930580596313574,2023-09-02
2023-09-25,COALINDIA,0.03642591500343554,2023-09-02
2023-09-04,COLPAL,0.0011962539316734777,2023-09-02
2023-09-11,COLPAL,0.009874203308634075,2023-09-02
2023-09-18,COLPAL,0.004285981998774918,2023-09-02
2023-09-25,COLPAL,-0.011581424103460771,2023-09-02
2023-09-04,DRREDDY,0.0017109254897301406,2023-09-02
2023-09-11,DRREDDY,0.00916167605562128,2023-09-02
2023-09-18,DRREDDY,0.007887554253490655,2023-09-02
2023-09-25,DRREDDY,-0.008871339024179132,2023-09-02
2023-09-04,GSPL,0.018060330871465642,2023-09-02
2023-09-11,GSPL,0.020805309181033994,2023-09-02
2023-09-18,GSPL,0.012999043194454623,2023-09-02
2023-09-25,GSPL,-0.008118077576186229,2023-09-02
2023-09-04,ITC,0.0016532208747183474,2023-09-02
2023-09-11,ITC,-0.01080091014120102,2023-09-02
2023-09-18,ITC,-0.004727769601353439,2023-09-02
2023-09-25,ITC,0.011866901990855749,2023-09-02
2023-09-04,JBCHEPHARM,0.000606773509610662,2023-09-02
2023-09-11,JBCHEPHARM,0.0017308281521788164,2023-09-02
2023-09-18,JBCHEPHARM,0.01327667763798772,2023-09-02
2023-09-25,JBCHEPHARM,-0.007559479974843473,2023-09-02
2023-09-04,MARICO,-0.0006970265493248571,2023-09-02
2023-09-11,MARICO,0.0039963700712783825,2023-09-02
2023-09-18,MARICO,0.006065750058379684,2023-09-02
2023-09-25,MARICO,0.01371561232827446,2023-09-02
2023-09-04,NAVNETEDUL,-0.007483253889360423,2023-09-02
2023-09-11,NAVNETEDUL,0.012947090031349433,2023-09-02
2023-09-18,NAVNETEDUL,0.015107698194185048,2023-09-02
2023-09-25,NAVNETEDUL,-0.0017661695026279264,2023-09-02
2023-09-04,NTPC,-0.0022665662844236142,2023-09-02
2023-09-11,NTPC,0.006601113226504883,2023-09-02
2023-09-18,NTPC,0.0042562455229291744,2023-09-02
2023-09-25,NTPC,0.012589867277563357,2023-09-02
2023-09-04,POLYMED,0.012928853176733727,2023-09-02
2023-09-11,POLYMED,0.012946966231175241,2023-09-02
2023-09-18,POLYMED,-0.003211905793950287,2023-09-02
2023-09-25,POLYMED,-0.015272351183710555,2023-09-02
2023-09-04,RELIANCE,-0.026674728431621084,2023-09-02
2023-09-11,RELIANCE,-0.011541126808604,2023-09-02
2023-09-18,RELIANCE,0.009046184789524302,2023-09-02
2023-09-25,RELIANCE,-0.0004608534225219142,2023-09-02
2023-09-04,SUNPHARMA,0.0037335804065743265,2023-09-02
2023-09-11,SUNPHARMA,0.0069587830412675,2023-09-02
2023-09-18,SUNPHARMA,0.009806595956292656,2023-09-02
2023-09-25,SUNPHARMA,0.004556379064797092,2023-09-02
2023-09-04,UNOMINDA,0.022628847822127856,2023-09-02
2023-09-11,UNOMINDA,-0.010852195660895807,2023-09-02
2023-09-18,UNOMINDA,-0.00820477763071994,2023-09-02
2023-09-25,UNOMINDA,-0.0038368660804986576,2023-09-02
2023-09-04,VBL,0.009647337079615164,2023-09-02
2023-09-11,VBL,-0.0010997798307778141,2023-09-02
2023-09-18,VBL,-0.007520256811527054,2023-09-02
2023-09-25,VBL,0.035568846960637536,2023-09-02
2023-09-04,ZYDUSLIFE,0.011582904459578418,2023-09-02
2023-09-11,ZYDUSLIFE,0.0003614191126670149,2023-09-02
2023-09-18,ZYDUSLIFE,-0.008019842359059646,2023-09-02
2023-09-25,ZYDUSLIFE,0.017273707723363063,2023-09-02
2023-09-11,ABBOTINDIA,0.0014485933452348056,2023-09-09
2023-09-18,ABBOTINDIA,-0.004112355371935076,2023-09-09
2023-09-25,ABBOTINDIA,-0.006161932043802399,2023-09-09
2023-10-02,ABBOTINDIA,0.0038451941844020125,2023-09-09
2023-09-11,ADANIPOWER,0.013747993698939706,2023-09-09
2023-09-18,ADANIPOWER,0.022172804251343912,2023-09-09
2023-09-25,ADANIPOWER,0.0009034683309890046,2023-09-09
2023-10-02,ADANIPOWER,0.005415645628434637,2023-09-09
2023-09-11,BALRAMCHIN,0.027993599855266886,2023-09-09
2023-09-18,BALRAMCHIN,-0.010739560493468317,2023-09-09
2023-09-25,BALRAMCHIN,0.0419728118396348,2023-09-09
2023-10-02,BALRAMCHIN,0.013860538001291677,2023-09-09
2023-09-11,BPCL,0.00026459306203132954,2023-09-09
2023-09-18,BPCL,0.011669178424658158,2023-09-09
2023-09-25,BPCL,-0.012987501266997208,2023-09-09
2023-10-02,BPCL,-0.02235193193752576,2023-09-09
2023-09-11,BRITANNIA,0.007558305950943194,2023-09-09
2023-09-18,BRITANNIA,0.01035476603837746,2023-09-09
2023-09-25,BRITANNIA,0.008587292578291451,2023-09-09
2023-10-02,BRITANNIA,-0.00927840853282946,2023-09-09
2023-09-11,CIPLA,0.011146898021275786,2023-09-09
2023-09-18,CIPLA,-0.009056347628530088,2023-09-09
2023-09-25,CIPLA,0.009777365937554175,2023-09-09
2023-10-02,CIPLA,-0.0006112003920939852,2023-09-09
2023-09-11,COALINDIA,0.0333033312773136,2023-09-09
2023-09-18,COALINDIA,-0.006205788888420693,2023-09-09
2023-09-25,COALINDIA,0.03046223814253267,2023-09-09
2023-10-02,COALINDIA,0.001060648096998792,2023-09-09
2023-09-11,COLPAL,0.0021656290018568797,2023-09-09
2023-09-18,COLPAL,0.0032718221963582094,2023-09-09
2023-09-25,COLPAL,-0.00256230691870645,2023-09-09
2023-10-02,COLPAL,0.005034346910864295,2023-09-09
2023-09-11,DRREDDY,0.014490381101888633,2023-09-09
2023-09-18,DRREDDY,0.014424540566881817,2023-09-09
2023-09-25,DRREDDY,-0.0034404561531750193,2023-09-09
2023-10-02,DRREDDY,-0.00020832969400304014,2023-09-09
2023-09-11,GSPL,0.01376724508703539,2023-09-09
2023-09-18,GSPL,0.019410686461449823,2023-09-09
2023-09-25,GSPL,-0.01384088725588448,2023-09-09
2023-10-02,GSPL,-0.0023111705685569086,2023-09-09
2023-09-11,ITC,-0.006121802123841575,2023-09-09
2023-09-18,ITC,-0.009617676622677807,2023-09-09
2023-09-25,ITC,0.008885218580449324,2023-09-09
2023-10-02,ITC,0.011097339458696169,2023-09-09
2023-09-11,JBCHEPHARM,0.015676467970251528,2023-09-09
2023-09-18,JBCHEPHARM,0.017125908553741336,2023-09-09
2023-09-25,JBCHEPHARM,0.0006727706491655404,2023-09-09
2023-10-02,JBCHEPHARM,0.013158948541842871,2023-09-09
2023-09-11,MARICO,0.008591727596680507,2023-09-09
2023-09-18,MARICO,0.001194464373869445,2023-09-09
2023-09-25,MARICO,0.014470044636124304,2023-09-09
2023-10-02,MARICO,-0.00045383396493036895,2023-09-09
2023-09-11,NAVNETEDUL,0.030007864171730705,2023-09-09
2023-09-18,NAVNETEDUL,0.016302858223942455,2023-09-09
2023-09-25,NAVNETEDUL,-0.0001985681463275546,2023-09-09
2023-10-02,NAVNETEDUL,0.004440375808984124,2023-09-09
2023-09-11,NTPC,0.00019537549965760852,2023-09-09
2023-09-18,NTPC,0.019181831374656937,2023-09-09
2023-09-25,NTPC,0.006335993976326038,2023-09-09
2023-10-02,NTPC,0.030788894638150915,2023-09-09
2023-09-11,POLYMED,0.02249835970814356,2023-09-09
2023-09-18,POLYMED,-0.003211258205538919,2023-09-09
2023-09-25,POLYMED,0.007776070688025958,2023-09-09
2023-10-02,POLYMED,-0.00681126165517736,2023-09-09
2023-09-11,RELIANCE,-0.001998930854724418,2023-09-09
2023-09-18,RELIANCE,0.005403080627428455,2023-09-09
2023-09-25,RELIANCE,-0.004484579491895849,2023-09-09
2023-10-02,RELIANCE,0.0005385395795617276,2023-09-09
2023-09-11,SUNPHARMA,-0.00010610651510825322,2023-09-09
2023-09-18,SUNPHARMA,0.0019564753796363016,2023-09-09
2023-09-25,SUNPHARMA,0.009702464357339763,2023-09-09
2023-10-02,SUNPHARMA,0.005707792776898711,2023-09-09
2023-09-11,UNOMINDA,-0.008079874913849002,2023-09-09
2023-09-18,UNOMINDA,-0.011363377286900057,2023-09-09
2023-09-25,UNOMINDA,0.0068591155308112385,2023-09-09
2023-10-02,UNOMINDA,0.010502007315163242,2023-09-09
2023-09-11,VBL,0.013452582156035574,2023-09-09
2023-09-18,VBL,0.0019168325059055575,2023-09-09
2023-09-25,VBL,0.021811927817747864,2023-09-09
2023-10-02,VBL,0.013286315749626723,2023-09-09
2023-09-11,ZYDUSLIFE,-0.007590372675975882,2023-09-09
2023-09-18,ZYDUSLIFE,-0.003821561582958175,2023-09-09
2023-09-25,ZYDUSLIFE,0.002340831843082452,2023-09-09
2023-10-02,ZYDUSLIFE,0.013898351425315139,2023-09-09
2023-09-18,ABBOTINDIA,-0.003830723652636347,2023-09-16
2023-09-25,ABBOTINDIA,-0.007191629627169078,2023-09-16
2023-10-02,ABBOTINDIA,-0.0013855123125576076,2023-09-16
2023-10-09,ABBOTINDIA,0.014816511647160434,2023-09-16
2023-09-18,ADANIPOWER,0.009653787460796216,2023-09-16
2023-09-25,ADANIPOWER,0.01914471989057514,2023-09-16
2023-10-02,ADANIPOWER,0.01581315588642194,2023-09-16
2023-10-09,ADANIPOWER,-0.009159732079569513,2023-09-16
2023-09-18,BALRAMCHIN,-0.0018522670276036647,2023-09-16
2023-09-25,BALRAMCHIN,0.008229609187687992,2023-09-16
2023-10-02,BALRAMCHIN,0.020883809324570485,2023-09-16
2023-10-09,BALRAMCHIN,-0.005067883873306173,2023-09-16
2023-09-18,BPCL,0.010134352110484178,2023-09-16
2023-09-25,BPCL,-0.010044246775900266,2023-09-16
2023-10-02,BPCL,-0.005107862850362247,2023-09-16
2023-10-09,BPCL,-0.005908316354591653,2023-09-16
2023-09-18,BRITANNIA,-0.009033764039974043,2023-09-16
2023-09-25,BRITANNIA,0.016152682066587112,2023-09-16
2023-10-02,BRITANNIA,0.002784815017792175,2023-09-16
2023-10-09,BRITANNIA,-0.0009597662949984754,2023-09-16
2023-09-18,CIPLA,-0.016378820596422934,2023-09-16
2023-09-25,CIPLA,-0.0038910908956316147,2023-09-16
2023-10-02,CIPLA,-0.008856243830459833,2023-09-16
2023-10-09,CIPLA,0.010666165148123706,2023-09-16
2023-09-18,COALINDIA,-0.009144137566064437,2023-09-16
2023-09-25,COALINDIA,0.025117700719120725,2023-09-16
2023-10-02,COALINDIA,0.0057154540465507685,2023-09-16
2023-10-09,COALINDIA,0.01010952540911892,2023-09-16
2023-09-18,COLPAL,0.0008875393065093899,2023-09-16
2023-09-25,COLPAL,-0.006770339149463034,2023-09-16
2023-10-02,COLPAL,0.00920519668056862,2023-09-16
2023-10-09,COLPAL,-0.001854182979796353,2023-09-16
2023-09-18,DRREDDY,0.016647979738242356,2023-09-16
2023-09-25,DRREDDY,-0.00012241508264415951,2023-09-16
2023-10-02,DRREDDY,-0.0014390858070070154,2023-09-16
2023-10-09,DRREDDY,-0.001699766790999347,2023-09-16
2023-09-18,GSPL,0.01178642776656573,2023-09-16
2023-09-25,GSPL,-0.0036155145421253258,2023-09-16
2023-10-02,GSPL,0.0011073331250341667,2023-09-16
2023-10-09,GSPL,-0.00421205153114979,2023-09-16
2023-09-18,ITC,-0.002286833500634295,2023-09-16
2023-09-25,ITC,0.00980680992202014,2023-09-16
2023-10-02,ITC,0.01033565502208685,2023-09-16
2023-10-09,ITC,0.006824806432879197,2023-09-16
2023-09-18,JBCHEPHARM,0.011464867164180598,2023-09-16
2023-09-25,JBCHEPHARM,-0.00967965555523428,2023-09-16
2023-10-02,JBCHEPHARM,0.006314772447288553,2023-09-16
2023-10-09,JBCHEPHARM,0.007805046781622101,2023-09-16
2023-09-18,MARICO,0.013231902673437757,2023-09-16
2023-09-25,MARICO,-0.0020905590729959414,2023-09-16
2023-10-02,MARICO,0.009763764243573659,2023-09-16
2023-10-09,MARICO,0.019431246093725516,2023-09-16
2023-09-18,NAVNETEDUL,0.01939655609695215,2023-09-16
2023-09-25,NAVNETEDUL,-0.004136729494404994,2023-09-16
2023-10-02,NAVNETEDUL,0.0042343638302808385,2023-09-16
2023-10-09,NAVNETEDUL,0.00912667572664036,2023-09-16
2023-09-18,NTPC,0.016267623192031105,2023-09-16
2023-09-25,NTPC,0.014414391517127251,2023-09-16
2023-10-02,NTPC,0.024636384356030955,2023-09-16
2023-10-09,NTPC,-0.001164283795764365,2023-09-16
2023-09-18,POLYMED,-0.0005640664911753721,2023-09-16
2023-09-25,POLYMED,-0.009811005322564936,2023-09-16
2023-10-02,POLYMED,-0.01186677294597008,2023-09-16
2023-10-09,POLYMED,0.028019524377802085,2023-09-16
2023-09-18,RELIANCE,0.0017748091792659615,2023-09-16
2023-09-25,RELIANCE,-0.0014889953290728468,2023-09-16
2023-10-02,RELIANCE,-0.004229339803560508,2023-09-16
2023-10-09,RELIANCE,-0.0021801645671221787,2023-09-16
2023-09-18,SUNPHARMA,0.000692102993989277,2023-09-16
2023-09-25,SUNPHARMA,0.012975357176342718,2023-09-16
2023-10-02,SUNPHARMA,0.010855023864322957,2023-09-16
2023-10-09,SUNPHARMA,0.003228250141956286,2023-09-16
2023-09-18,UNOMINDA,-0.01693493564899808,2023-09-16
2023-09-25,UNOMINDA,-8.324878749345013e-05,2023-09-16
2023-10-02,UNOMINDA,0.008416632981148349,2023-09-16
2023-10-09,UNOMINDA,-0.0006350083407639757,2023-09-16
2023-09-18,VBL,0.008372661264989915,2023-09-16
2023-09-25,VBL,0.011398652949628192,2023-09-16
2023-10-02,VBL,0.01373485395441016,2023-09-16
2023-10-09,VBL,0.003715144203184888,2023-09-16
2023-09-18,ZYDUSLIFE,0.016611961269220665,2023-09-16
2023-09-25,ZYDUSLIFE,-0.0036448314798874478,2023-09-16
2023-10-02,ZYDUSLIFE,0.006793169700422443,2023-09-16
2023-10-09,ZYDUSLIFE,0.011211615761267647,2023-09-16
2023-09-25,ABBOTINDIA,-0.002983943074114297,2023-09-23
2023-10-02,ABBOTINDIA,0.00718643475238948,2023-09-23
2023-10-09,ABBOTINDIA,0.006101932859735856,2023-09-23
2023-10-16,ABBOTINDIA,0.004795949070877105,2023-09-23
2023-09-25,ADANIPOWER,-0.0017360381139109916,2023-09-23
2023-10-02,ADANIPOWER,0.007836731729333843,2023-09-23
2023-10-09,ADANIPOWER,-0.015490542003686101,2023-09-23
2023-10-16,ADANIPOWER,0.021717238524350212,2023-09-23
2023-09-25,BALRAMCHIN,0.015762410642057766,2023-09-23
2023-10-02,BALRAMCHIN,0.019703790618275704,2023-09-23
2023-10-09,BALRAMCHIN,0.005859829409266818,2023-09-23
2023-10-16,BALRAMCHIN,0.0017268328179000365,2023-09-23
2023-09-25,BPCL,-0.006128866642645818,2023-09-23
2023-10-02,BPCL,-0.013894743247947264,2023-09-23
2023-10-09,BPCL,-0.011095861195671717,2023-09-23
2023-10-16,BPCL,5.126849407858129e-05,2023-09-23
2023-09-25,BRITANNIA,0.011260499698987748,2023-09-23
2023-10-02,BRITANNIA,0.0015583069878332683,2023-09-23
2023-10-09,BRITANNIA,-0.0019245944769256333,2023-09-23
2023-10-16,BRITANNIA,0.0030190459962567157,2023-09-23
2023-09-25,CIPLA,-0.010973617171630175,2023-09-23
2023-10-02,CIPLA,-0.0012905674457335448,2023-09-23
2023-10-09,CIPLA,0.006543177232091407,2023-09-23
2023-10-16,CIPLA,-0.017803094832198062,2023-09-23
2023-09-25,COALINDIA,0.009815054029103671,2023-09-23
2023-10-02,COALINDIA,0.010541723990575708,2023-09-23
2023-10-09,COALINDIA,0.0065904113320025695,2023-09-23
2023-10-16,COALINDIA,0.008085364960225288,2023-09-23
2023-09-25,COLPAL,-0.006486449707738704,2023-09-23
2023-10-02,COLPAL,0.00192852336439466,2023-09-23
2023-10-09,COLPAL,-0.0037037191901766867,2023-09-23
2023-10-16,COLPAL,0.0033366794750475993,2023-09-23
2023-09-25,DRREDDY,-0.002065865128996126,2023-09-23
2023-10-02,DRREDDY,0.002677763850402473,2023-09-23
2023-10-09,DRREDDY,0.010036325543515105,2023-09-23
2023-10-16,DRREDDY,0.002372150903696108,2023-09-23
2023-09-25,GSPL,0.0018244481312418514,2023-09-23
2023-10-02,GSPL,0.0017871789999905849,2023-09-23
2023-10-09,GSPL,-0.0006508754419708024,2023-09-23
2023-10-16,GSPL,0.0028069799702599495,2023-09-23
2023-09-25,ITC,0.001152506491755848,2023-09-23
2023-10-02,ITC,0.008558080382246713,2023-09-23
2023-10-09,ITC,0.006256186257026872,2023-09-23
2023-10-16,ITC,0.010701695485878546,2023-09-23
2023-09-25,JBCHEPHARM,-0.010214337370326418,2023-09-23
2023-10-02,JBCHEPHARM,0.011839306806728532,2023-09-23
2023-10-09,JBCHEPHARM,0.00910303311629894,2023-09-23
2023-10-16,JBCHEPHARM,0.008780867679975742,2023-09-23
2023-09-25,MARICO,0.0024425840312798327,2023-09-23
2023-10-02,MARICO,0.00981265307957622,2023-09-23
2023-10-09,MARICO,0.0037410812186111256,2023-09-23
2023-10-16,MARICO,-0.006970262579226133,2023-09-23
2023-09-25,NAVNETEDUL,0.005123365477373243,2023-09-23
2023-10-02,NAVNETEDUL,0.016584784107835652,2023-09-23
2023-10-09,NAVNETEDUL,0.019144580415017338,2023-09-23
2023-10-16,NAVNETEDUL,0.030181302036357043,2023-09-23
2023-09-25,NTPC,0.019052111536853593,2023-09-23
2023-10-02,NTPC,0.015763253214483488,2023-09-23
2023-10-09,NTPC,-0.0027073215472003826,2023-09-23
2023-10-16,NTPC,0.006945431081195158,2023-09-23
2023-09-25,POLYMED,0.003011444674758218,2023-09-23
2023-10-02,POLYMED,-0.008598112178949652,2023-09-23
2023-10-09,POLYMED,0.02305207524648112,2023-09-23
2023-10-16,POLYMED,-0.01857717752901754,2023-09-23
2023-09-25,RELIANCE,0.004340414463975752,2023-09-23
2023-10-02,RELIANCE,0.0016609953722240354,2023-09-23
2023-10-09,RELIANCE,-0.0017229803585879842,2023-09-23
2023-10-16,RELIANCE,-0.004397932891249981,2023-09-23
2023-09-25,SUNPHARMA,0.014003741863767178,2023-09-23
2023-10-02,SUNPHARMA,0.01636866254969505,2023-09-23
2023-10-09,SUNPHARMA,0.002691597825427135,2023-09-23
2023-10-16,SUNPHARMA,0.011506487097899417,2023-09-23
2023-09-25,UNOMINDA,0.006080555955030752,2023-09-23
2023-10-02,UNOMINDA,0.006286868216115896,2023-09-23
2023-10-09,UNOMINDA,0.00017541578750985957,2023-09-23
2023-10-16,UNOMINDA,0.001518276538526721,2023-09-23
2023-09-25,VBL,0.03275548036919005,2023-09-23
2023-10-02,VBL,0.017880455174546565,2023-09-23
2023-10-09,VBL,0.0039077783372144246,2023-09-23
2023-10-16,VBL,-0.0009327556466857239,2023-09-23
2023-09-25,ZYDUSLIFE,-0.008464076618823249,2023-09-23
2023-10-02,ZYDUSLIFE,0.0007558641299038518,2023-09-23
2023-10-09,ZYDUSLIFE,0.01960105024283706,2023-09-23
2023-10-16,ZYDUSLIFE,-0.004873204440896152,2023-09-23
2023-10-02,ABBOTINDIA,0.002499807514891945,2023-09-30
2023-10-09,ABBOTINDIA,0.008352705374783897,2023-09-30
2023-10-16,ABBOTINDIA,0.009957235575138501,2023-09-30
2023-10-23,ABBOTINDIA,0.00770822254716399,2023-09-30
2023-10-02,ADANIPOWER,0.004834976765433661,2023-09-30
2023-10-09,ADANIPOWER,-0.02692590800682012,2023-09-30
2023-10-16,ADANIPOWER,0.03241796038280974,2023-09-30
2023-10-23,ADANIPOWER,0.001882705284077179,2023-09-30
2023-10-02,BALRAMCHIN,0.012133073607884388,2023-09-30
2023-10-09,BALRAMCHIN,0.009107514566670473,2023-09-30
2023-10-16,BALRAMCHIN,-0.005924755420691115,2023-09-30
2023-10-23,BALRAMCHIN,-0.0029632199806433872,2023-09-30
2023-10-02,BPCL,-0.008768630372041978,2023-09-30
2023-10-09,BPCL,-0.0075004510441356005,2023-09-30
2023-10-16,BPCL,0.009282462914390518,2023-09-30
2023-10-23,BPCL,0.013793294951229251,2023-09-30
2023-10-02,BRITANNIA,0.004934565762035726,2023-09-30
2023-10-09,BRITANNIA,-0.003095057768274455,2023-09-30
2023-10-16,BRITANNIA,-0.0010895227551608398,2023-09-30
2023-10-23,BRITANNIA,0.009878983507604761,2023-09-30
2023-10-02,CIPLA,-0.005992164098966506,2023-09-30
2023-10-09,CIPLA,0.01140230468961118,2023-09-30
2023-10-16,CIPLA,-0.006224019965705737,2023-09-30
2023-10-23,CIPLA,-0.007566945774517191,2023-09-30
2023-10-02,COALINDIA,0.017725263138600972,2023-09-30
2023-10-09,COALINDIA,0.0036448399534842082,2023-09-30
2023-10-16,COALINDIA,0.01322779977948016,2023-09-30
2023-10-23,COALINDIA,0.004209788980925944,2023-09-30
2023-10-02,COLPAL,0.0033342021398503514,2023-09-30
2023-10-09,COLPAL,0.005582211450991312,2023-09-30
2023-10-16,COLPAL,0.0034520325133998915,2023-09-30
2023-10-23,COLPAL,0.006918401783467673,2023-09-30
2023-10-02,DRREDDY,0.006079885300344079,2023-09-30
2023-10-09,DRREDDY,0.00838371311805454,2023-09-30
2023-10-16,DRREDDY,0.004030856361518616,2023-09-30
2023-10-23,DRREDDY,0.003981087434640032,2023-09-30
2023-10-02,GSPL,-0.0012351045207780536,2023-09-30
2023-10-09,GSPL,-0.006677304292727741,2023-09-30
2023-10-16,GSPL,0.0034796770481085575,2023-09-30
2023-10-23,GSPL,0.013978761896116354,2023-09-30
2023-10-02,ITC,0.0012093407237791947,2023-09-30
2023-10-09,ITC,0.00567563137622791,2023-09-30
2023-10-16,ITC,-0.003100684268738779,2023-09-30
2023-10-23,ITC,-0.001438253672701469,2023-09-30
2023-10-02,JBCHEPHARM,0.007664677789012663,2023-09-30
2023-10-09,JBCHEPHARM,0.029173901671635544,2023-09-30
2023-10-16,JBCHEPHARM,0.008366823878598387,2023-09-30
2023-10-23,JBCHEPHARM,0.026159895484507298,2023-09-30
2023-10-02,MARICO,-0.010454383603872483,2023-09-30
2023-10-09,MARICO,0.009716943730257846,2023-09-30
2023-10-16,MARICO,0.007076989266602078,2023-09-30
2023-10-23,MARICO,0.010341431826878312,2023-09-30
2023-10-02,NAVNETEDUL,0.0064365626799412715,2023-09-30
2023-10-09,NAVNETEDUL,0.017496903037196643,2023-09-30
2023-10-16,NAVNETEDUL,0.02212377934840584,2023-09-30
2023-10-23,NAVNETEDUL,-0.000600266615768241,2023-09-30
2023-10-02,NTPC,0.01334865962186931,2023-09-30
2023-10-09,NTPC,-0.003285892274893827,2023-09-30
2023-10-16,NTPC,0.00890861258968353,2023-09-30
2023-10-23,NTPC,0.015179807983269018,2023-09-30
2023-10-02,POLYMED,-0.01723808525872544,2023-09-30
2023-10-09,POLYMED,0.05607580632197642,2023-09-30
2023-10-16,POLYMED,-0.022684438091482993,2023-09-30
2023-10-23,POLYMED,0.005415533781618863,2023-09-30
2023-10-02,RELIANCE,0.0025919278799283883,2023-09-30
2023-10-09,RELIANCE,-0.005626217038966166,2023-09-30
2023-10-16,RELIANCE,-0.011396763570305788,2023-09-30
2023-10-23,RELIANCE,-0.007936135535816943,2023-09-30
2023-10-02,SUNPHARMA,0.013548143549017337,2023-09-30
2023-10-09,SUNPHARMA,0.0022832293147534923,2023-09-30
2023-10-16,SUNPHARMA,0.01242873719495182,2023-09-30
2023-10-23,SUNPHARMA,-0.00111001600723023,2023-09-30
2023-10-02,UNOMINDA,0.011454999336203317,2023-09-30
2023-10-09,UNOMINDA,-0.009096506262696003,2023-09-30
2023-10-16,UNOMINDA,0.009345218823583442,2023-09-30
2023-10-23,UNOMINDA,0.01031124542343208,2023-09-30
2023-10-02,VBL,0.015555624946838398,2023-09-30
2023-10-09,VBL,0.0061353340804838246,2023-09-30
2023-10-16,VBL,0.00703179846367615,2023-09-30
2023-10-23,VBL,0.01151047155476628,2023-09-30
2023-10-02,ZYDUSLIFE,-0.00026955392097915016,2023-09-30
2023-10-09,ZYDUSLIFE,0.003188818026991039,2023-09-30
2023-10-16,ZYDUSLIFE,-0.0008384812945240336,2023-09-30
2023-10-23,ZYDUSLIFE,0.01670171658493094,2023-09-30
2023-10-09,ABBOTINDIA,0.002561584027259811,2023-10-07
2023-10-16,ABBOTINDIA,0.003045377681862999,2023-10-07
2023-10-23,ABBOTINDIA,0.011188794500504508,2023-10-07
2023-10-30,ABBOTINDIA,0.04477217625619813,2023-10-07
2023-10-09,ADANIPOWER,0.007864568186419169,2023-10-07
2023-10-16,ADANIPOWER,0.021682173683522925,2023-10-07
2023-10-23,ADANIPOWER,0.02645363876214867,2023-10-07
2023-10-30,ADANIPOWER,0.007458027153001269,2023-10-07
2023-10-09,BALRAMCHIN,0.008425996796288322,2023-10-07
2023-10-16,BALRAMCHIN,-0.001891360528173635,2023-10-07
2023-10-23,BALRAMCHIN,0.02029382560090648,2023-10-07
2023-10-30,BALRAMCHIN,-0.006756715980585575,2023-10-07
2023-10-09,BPCL,-0.0030086156650723835,2023-10-07
2023-10-16,BPCL,0.0025795558723122622,2023-10-07
2023-10-23,BPCL,-0.0006416757252603264,2023-10-07
2023-10-30,BPCL,0.009676470406111597,2023-10-07
2023-10-09,BRITANNIA,0.00793132131171722,2023-10-07
2023-10-16,BRITANNIA,0.008675100405619349,2023-10-07
2023-10-23,BRITANNIA,0.00040986733637322177,2023-10-07
2023-10-30,BRITANNIA,0.006453320611233539,2023-10-07
2023-10-09,CIPLA,0.022334805663177915,2023-10-07
2023-10-16,CIPLA,-0.012924453945225076,2023-10-07
2023-10-23,CIPLA,-0.0026253856481410695,2023-10-07
2023-10-30,CIPLA,-0.0022687779275983562,2023-10-07
2023-10-09,COALINDIA,0.0169949003706989,2023-10-07
2023-10-16,COALINDIA,-0.0005152218190519817,2023-10-07
2023-10-23,COALINDIA,0.02884349742724202,2023-10-07
2023-10-30,COALINDIA,0.01132675969383085,2023-10-07
2023-10-09,COLPAL,0.0006172819502406551,2023-10-07
2023-10-16,COLPAL,-0.0003241382421874269,2023-10-07
2023-10-23,COLPAL,0.007053728932152333,2023-10-07
2023-10-30,COLPAL,-0.00195597291565452,2023-10-07
2023-10-09,DRREDDY,0.005874559794704335,2023-10-07
2023-10-16,DRREDDY,-0.0029935406988291662,2023-10-07
2023-10-23,DRREDDY,0.014027426264537048,2023-10-07
2023-10-30,DRREDDY,-0.007333788900411702,2023-10-07
2023-10-09,GSPL,0.0011065436180501638,2023-10-07
2023-10-16,GSPL,-0.0008849415749807959,2023-10-07
2023-10-23,GSPL,0.02857162187142161,2023-10-07
2023-10-30,GSPL,-0.005892664033511901,2023-10-07
2023-10-09,ITC,0.006884950169479797,2023-10-07
2023-10-16,ITC,0.00020973542459976812,2023-10-07
2023-10-23,ITC,0.003584438786035808,2023-10-07
2023-10-30,ITC,0.005859265596597972,2023-10-07
2023-10-09,JBCHEPHARM,0.021256810315667216,2023-10-07
2023-10-16,JBCHEPHARM,0.00610393174224284,2023-10-07
2023-10-23,JBCHEPHARM,0.008410580311358613,2023-10-07
2023-10-30,JBCHEPHARM,0.01664900412870522,2023-10-07
2023-10-09,MARICO,0.011325328393991476,2023-10-07
2023-10-16,MARICO,0.0028406800780540185,2023-10-07
2023-10-23,MARICO,0.003882159097695416,2023-10-07
2023-10-30,MARICO,-0.006580738619982856,2023-10-07
2023-10-09,NAVNETEDUL,0.009620227945689836,2023-10-07
2023-10-16,NAVNETEDUL,0.028623032570688395,2023-10-07
2023-10-23,NAVNETEDUL,0.006012301195001853,2023-10-07
2023-10-30,NAVNETEDUL,0.015411997043969929,2023-10-07
2023-10-09,NTPC,-0.0032860457410558695,2023-10-07
2023-10-16,NTPC,0.0008148783981459503,2023-10-07
2023-10-23,NTPC,0.020051641774594755,2023-10-07
2023-10-30,NTPC,0.008469300812248648,2023-10-07
2023-10-09,POLYMED,0.043496966965161865,2023-10-07
2023-10-16,POLYMED,-0.026797601824102374,2023-10-07
2023-10-23,POLYMED,0.007376698594063194,2023-10-07
2023-10-30,POLYMED,0.033022497460295945,2023-10-07
2023-10-09,RELIANCE,-0.001483652877494946,2023-10-07
2023-10-16,RELIANCE,-0.01036421716843982,2023-10-07
2023-10-23,RELIANCE,0.0033520982514014847,2023-10-07
2023-10-30,RELIANCE,-0.011217096324051993,2023-10-07
2023-10-09,SUNPHARMA,0.0004334146545944932,2023-10-07
2023-10-16,SUNPHARMA,0.006407090770898339,2023-10-07
2023-10-23,SUNPHARMA,0.0013834409695735114,2023-10-07
2023-10-30,SUNPHARMA,-0.001202052087278055,2023-10-07
2023-10-09,UNOMINDA,-0.004444369429759314,2023-10-07
2023-10-16,UNOMINDA,-0.005510323535947105,2023-10-07
2023-10-23,UNOMINDA,0.005742000229008991,2023-10-07
2023-10-30,UNOMINDA,-0.005072774230696955,2023-10-07
2023-10-09,VBL,0.004742631917645835,2023-10-07
2023-10-16,VBL,0.00016435619387675815,2023-10-07
2023-10-23,VBL,0.011063256902403307,2023-10-07
2023-10-30,VBL,0.005054759665736709,2023-10-07
2023-10-09,ZYDUSLIFE,0.008056625261459635,2023-10-07
2023-10-16,ZYDUSLIFE,-0.0031729505925550175,2023-10-07
2023-10-23,ZYDUSLIFE,0.016217065496395323,2023-10-07
2023-10-30,ZYDUSLIFE,0.006581713211208231,2023-10-07
2023-10-16,ABBOTINDIA,0.00835080599202844,2023-10-14
2023-10-23,ABBOTINDIA,0.007810559586925958,2023-10-14
2023-10-30,ABBOTINDIA,0.026739590979023155,2023-10-14
2023-11-06,ABBOTINDIA,-0.0029203378286675233,2023-10-14
2023-10-16,ADANIPOWER,0.008945739137718518,2023-10-14
2023-10-23,ADANIPOWER,0.0135783949314395,2023-10-14
2023-10-30,ADANIPOWER,0.001527985517466497,2023-10-14
2023-11-06,ADANIPOWER,0.003315566718989917,2023-10-14
2023-10-16,BALRAMCHIN,-0.0057860386695126895,2023-10-14
2023-10-23,BALRAMCHIN,0.026241116931014167,2023-10-14
2023-10-30,BALRAMCHIN,0.00012822353653405065,2023-10-14
2023-11-06,BALRAMCHIN,0.021942999435642253,2023-10-14
2023-10-16,BPCL,0.006425603073996121,2023-10-14
2023-10-23,BPCL,0.006710855384391941,2023-10-14
2023-10-30,BPCL,0.019595545827548775,2023-10-14
2023-11-06,BPCL,0.003670173382624928,2023-10-14
2023-10-16,BRITANNIA,-0.0031331111188021734,2023-10-14
2023-10-23,BRITANNIA,0.003841926506489263,2023-10-14
2023-10-30,BRITANNIA,0.010019207088878998,2023-10-14
2023-11-06,BRITANNIA,0.0014467942315536267,2023-10-14
2023-10-16,CIPLA,-0.011238271880165442,2023-10-14
2023-10-23,CIPLA,0.0010935116566343364,2023-10-14
2023-10-30,CIPLA,-0.004025486383424886,2023-10-14
2023-11-06,CIPLA,-0.003556435643674695,2023-10-14
2023-10-16,COALINDIA,0.0017595542820200176,2023-10-14
2023-10-23,COALINDIA,-0.0032816801228745026,2023-10-14
2023-10-30,COALINDIA,0.01228977794913228,2023-10-14
2023-11-06,COALINDIA,-0.0070963396399553805,2023-10-14
2023-10-16,COLPAL,0.0032010631702257594,2023-10-14
2023-10-23,COLPAL,0.00400425699792644,2023-10-14
2023-10-30,COLPAL,0.007258412698046421,2023-10-14
2023-11-06,COLPAL,-0.0010757367840726864,2023-10-14
2023-10-16,DRREDDY,0.00365961637529886,2023-10-14
2023-10-23,DRREDDY,0.008627032639701463,2023-10-14
2023-10-30,DRREDDY,-0.009479963802630352,2023-10-14
2023-11-06,DRREDDY,0.034727966217207265,2023-10-14
2023-10-16,GSPL,0.019246910244638843,2023-10-14
2023-10-23,GSPL,-0.011237797754121325,2023-10-14
2023-10-30,GSPL,-0.02429912264015928,2023-10-14
2023-11-06,GSPL,0.0030379467497246787,2023-10-14
2023-10-16,ITC,0.009585804955228205,2023-10-14
2023-10-23,ITC,-0.000901889249951663,2023-10-14
2023-10-30,ITC,0.010078212902451315,2023-10-14
2023-11-06,ITC,0.002759082546638572,2023-10-14
2023-10-16,JBCHEPHARM,0.003116799121973067,2023-10-14
2023-10-23,JBCHEPHARM,0.05783707336229649,2023-10-14
2023-10-30,JBCHEPHARM,-0.0034139238380327557,2023-10-14
2023-11-06,JBCHEPHARM,-0.030263321438092478,2023-10-14
2023-10-16,MARICO,-0.005292224179992154,2023-10-14
2023-10-23,MARICO,0.0006899770867332233,2023-10-14
2023-10-30,MARICO,-0.006028463275943564,2023-10-14
2023-11-06,MARICO,0.021300152991554636,2023-10-14
2023-10-16,NAVNETEDUL,0.0337834785035513,2023-10-14
2023-10-23,NAVNETEDUL,0.0070505623283308476,2023-10-14
2023-10-30,NAVNETEDUL,0.016659561801686568,2023-10-14
2023-11-06,NAVNETEDUL,0.01867853211225483,2023-10-14
2023-10-16,NTPC,0.011776299886253415,2023-10-14
2023-10-23,NTPC,0.016142156444454814,2023-10-14
2023-10-30,NTPC,0.014049736333477267,2023-10-14
2023-11-06,NTPC,0.026513621728756608,2023-10-14
2023-10-16,POLYMED,-0.014924648049710951,2023-10-14
2023-10-23,POLYMED,0.015596955092353272,2023-10-14
2023-10-30,POLYMED,0.028285949213344083,2023-10-14
2023-11-06,POLYMED,0.03674769204903089,2023-10-14
2023-10-16,RELIANCE,-0.011816230316681033,2023-10-14
2023-10-23,RELIANCE,-0.008891017928030279,2023-10-14
2023-10-30,RELIANCE,-0.0020277909710298843,2023-10-14
2023-11-06,RELIANCE,0.009403931485311488,2023-10-14
2023-10-16,SUNPHARMA,0.007019585889545359,2023-10-14
2023-10-23,SUNPHARMA,0.0008502730434120613,2023-10-14
2023-10-30,SUNPHARMA,0.0031403832113935906,2023-10-14
2023-11-06,SUNPHARMA,0.00045322538884222895,2023-10-14
2023-10-16,UNOMINDA,0.0013914231150388013,2023-10-14
2023-10-23,UNOMINDA,0.0045873064252222005,2023-10-14
2023-10-30,UNOMINDA,-0.008810385510181788,2023-10-14
2023-11-06,UNOMINDA,0.005778823424490155,2023-10-14
2023-10-16,VBL,0.003236274103287286,2023-10-14
2023-10-23,VBL,0.00854307918673678,2023-10-14
2023-10-30,VBL,0.0011161252006286029,2023-10-14
2023-11-06,VBL,0.008433321978690856,2023-10-14
2023-10-16,ZYDUSLIFE,0.0023423362513290947,2023-10-14
2023-10-23,ZYDUSLIFE,0.01439849924326479,2023-10-14
2023-10-30,ZYDUSLIFE,0.0011531569721986582,2023-10-14
2023-11-06,ZYDUSLIFE,0.00012873337673183368,2023-10-14
